0,King D.
1,Rachidi Y.
2,Cruciat A.
3,Trongcharoenchaikul W.
4,Ghedin R.
5,Peralta J.
6,Dorsch B.
7,Bublik A.
8,Salva B.
9,Gonzalez P.
10,Rocha D.
11,Miranda I.
12,Ondruska M.
13,Alcaide G.
14,Palmer J.
15,Tecau H.
16,Coppejans K.
17,Petrovic D.
18,Filippini M.
19,Authom M.
20,Haas P.
21,Koderisch C.
22,Dreekmann H.
23,Sun P.
24,Tramacchi P.
25,Eleskovic E.
26,Opelka R.
27,Desein N.
28,Aranguren J.M.
29,Prieto S.
30,O'Brien A.
31,Scholtz N.
32,Abdulla M.
33,Del Bonis F.
34,Marray J.
35,Golding O.
36,Bloomfield R.
37,Klaasen R.
38,Mlynarik Z.
39,Khaddari H.
40,Hemery C.
41,Brizzi A.
42,Mesaros K.
43,Trusendi W.
44,Delic M.
45,Crabb J.
46,Demoliner M.
47,Hocevar R.
48,El Aarej M.
49,Junaid R.
50,Dell'Acqua M.
51,Lindell C.
52,Siriluethaiwattana P.
53,Vovk S.
54,Tipsarevic J. 
55,Mota B.
56,Zhang Y.
57,Lopez-Moron A.
58,Aguilar J.
59,Bowles C.
60,Martin D.
61,Strode B.
62,Bryan M.
63,Motomura G.
64,Eubanks C.
65,Hernandez O. 
66,Olejniczak D.
67,Middelkoop M.
68,Meister N.
69,Pfeiffer K.
70,Prodon E.
71,Thomas J.
72,Harper-Griffith L.
73,March O.
74,Cherkasov A.
75,Vicente M.
76,Luncanu P.A.
77,Piccari F.
78,Wawrinka S. 
79,Yoon Y.
80,Bohli S. 
81,Harsanyi P.
82,Mcdonald M.
83,Ellwood B.
84,Patriarca D.
85,Buchanan C.
86,De Heart R.
87,Trifu G.
88,Ledovskikh M.
89,Lindahl N.
90,Freelove O.
91,Hadad A.
92,Nedunchezhiyan J.
93,Niemeyer F.
94,Mitchell B.
95,Isner J. 
96,Ferrero J.C. 
97,Davletshin V.
98,Rubin N.
99,Monaco J. 
100,Biryukov M.
101,Basic M.
102,Munoz de La Nava D.
103,Wassen R.
104,Eagle J.
105,Marin L.
106,Srichaphan N.
107,Clayton A.
108,Trujillo G.
109,Lu Y.
110,Sorensen L.
111,Ullyett K.
112,Moriya H.
113,Diez S.
114,Korteling S.
115,Ittogi T.
116,Smith A.
117,Hutchins R.
118,Matsukevitch D.
119,Medvedev D.
120,Gomez-Herrera C.
121,Ram A.
122,Gomez E.
123,Economidis K.
124,Cook L.
125,Yu X.Y.
126,Lammer M. 
127,McClune M.
128,Terachi T.
129,Minar J.
130,Schuettler R. 
131,Uebel L.
132,Koellerer D. 
133,Weinzierl J.
134,Burrieza O.
135,Burquier G.
136,Kondo H.
137,Traykov I.
138,Marti J.
139,Bubka S.
140,Brasington J.
141,Munar J.
142,Olaso G.
143,Bolt A.
144,Ogorodov O.
145,Mankad H.
146,Chvojka E.
147,Hirigoyen I.
148,Tuksar S.
149,Sirianni J.
150,Golovanov D.
151,Eysseric J.
152,Flygt K.
153,Quigley E.
154,Witten J.
155,Arnaboldi A.
156,Gambill J. M.
157,Condor F.
158,Munoz De La Nava D.
159,Guez D.
160,Sanchez M.
161,Lejnieks K.
162,MacPhie B.
163,Guzman J.
164,Milligan L.
165,Willis M.
166,Vasek R.
167,Hellstrom M.
168,Weintraub A.
169,Skugor F.
170,Marrai M.
171,Roux L.
172,Zhang Zh.
173,Marti Y.
174,Ehrat S.
175,Marcan D.
176,Lamasine T.
177,Bohane A.
178,fnisk
179,Oswald P.
180,Koning M.
181,Jenkins S.
182,Prashanth V.
183,Fyrstenberg M.
184,MacLagan M.
185,Costa F.
186,Bozic I.
187,Tomashevich D.
188,Vagnozzi S.
189,Gonzalez S.
190,Panfil G.
191,Chaki R.
192,Coetzee J.
193,Widom T.
194,Khachanov K.
195,Hossam K.
196,Zayid M. S.
197,Becker B. 
198,Herbert P.H
199,Cortes J.
200,Novak D.
201,Dailey Z.
202,Verdasco F. 
203,Androic T.
204,De Paula F.
205,Linzer M.
206,Garin C.
207,Nargiso D.
208,Derepasko A.
209,Perez D.
210,Simon G. 
211,Ionita V.
212,Kuzmanov D.
213,Ager J.
214,Querry S.
215,Zlatanovic A.
216,Washington M.
217,Skoch D.
218,Zovko L.
219,Broady L.
220,Kirillov E.
221,Hilton M.
222,Blake J. 
223,Andersen J.
224,Braga P.
225,Behr N.
226,Eitzinger R.
227,Im K.T.
228,Zeng S.X.
229,Stepanek R. 
230,El Amrani R.
231,Fogues F.
232,Gooding J.
233,Childs L.
234,Ketola T.
235,Chardy J. 
236,Jiang S.
237,Erlich J.
238,Uppal V.
239,Barton M.
240,Lipsky S.
241,Dabrowski B.
242,Silva F.
243,Pedroso A.
244,Trungelliti M.
245,Trinker B.
246,Ancic I.
247,Statham J.
248,Hormazabal G.
249,Moretti H.
250,Vassallo-Arguello M. 
251,Barrientos N.
252,Sanchez De Luna J.
253,Navarro S.
254,Gao X.
255,Bai Y.
256,van Gemerden M.
257,Cobolli S.
258,Mathieu P.H. 
259,Woodbridge T.
260,Melo D.
261,Logtens P.
262,Wolmarans F.
263,Granollers M. 
264,Sanchez J.
265,Kicker N.
266,Deheart R.
267,Crugnola M.
268,Ivanov-Smolensky K.
269,Raja P.
270,Sidorenko A.
271,Sultan-Khalfan A.
272,Arvidsson I.
273,Federer R. 
274,Thron A.
275,Ward A.
276,Reid M.
277,Klein T.
278,Pavlasek A.
279,Svarc L.
280,Granollers G.
281,Schiessling T.
282,Ascione A.
283,Lojda D.
284,Schnur B.
285,Jelenic P.
286,Davydenko N. 
287,Eaton C.
288,Lopez F. 
289,Ouahab L.
290,Bossel A.
291,Haji A.
292,Tong M.
293,Stark J.
294,Idmbarek Y.
295,Couto E.
296,Pasha N.
297,Raoux G.
298,Ouahabi T.
299,Sherwood D.
300,Marcaccio G.
301,Ortegren J.
302,Peppas S.
303,Knittel B.
304,Al Ghareeb M.
305,Santopadre V.
306,Niki T.
307,Zhu B.Q.
308,Estrella V.
309,Michon A.
310,Corrie E.
311,Ramanathan R.
312,Wheaton D.
313,Rodriguez B.
314,Naso G.
315,Neumuller I.
316,Lajola D.
317,Bourgue M.
318,Wiltschnig H.
319,Do M.Q.
320,Cabello F.
321,Tavares L.
322,Marterer M.
323,Chekov P.
324,Koll H.
325,Emmrich M.
326,Rosenholm P.
327,Szymanski J.
328,Iwabuchi S.
329,Giannessi A.
330,Lopes H.
331,Pescariu D.
332,Serrano O.
333,Arguello F.
334,Galdon P.
335,Bhambri Y.
336,Montcourt M.
337,Mmoh M.
338,Warburg S.
339,Yim R.
340,Milojevic N.
341,Silva D.
342,Gombos N.
343,Qureshi A.U.H.
344,Kindlmann D.
345,Garcia M.
346,Belal C.
347,Garza D.
348,Olivetti A.
349,Ruevski P.
350,Cilic M. 
351,Miyao J.
352,Zhang Z.
353,Ratiwatana S.
354,Silva J.
355,Riba-Madrid P.
356,Viola Mat.
357,Paes L.
358,Ryderstedt M.
359,Thompson J.
360,Gimeno-Traver D. 
361,Nikles J.
362,Carlson A.
363,Rettenmaier T.
364,Ferreiro F.
365,Jensen L.
366,Inglot D.
367,Monteiro T.
368,Timfjord N.
369,Slabinsky A.
370,Hill M.
371,Schuettler P.
372,Bhupathi M.
373,Xu J.C.
374,Smith J.P.
375,Bolelli S. 
376,Betov S.
377,Capalik K.
378,Ito Y.
379,Allegro Y.
380,Singh S.
381,Myneni S.
382,Galan D.E.
383,Sabry S.
384,Cervenak P.
385,Zampieri C.
386,Reichel A.
387,Hajji A.
388,Mergea F.
389,Fruttero J.P.
390,Andersen J.F.
391,Mektic N.
392,Andreozzi G.
393,Wagh A.
394,Todero N.
395,Rehnquist B.
396,Jasika O.
397,Snobel P.
398,Guccione A.
399,Kroslak J.
400,Tearney F.
401,Pavic M.
402,Landsberg J.
403,Garcia-Lopez G. 
404,Wachiramanowong K.
405,Tahiri M.
406,Prpic F.
407,Oncins J.
408,Dustov F.
409,Mina G.
410,Delfino M.
411,Britton D.
412,Bohli S.
413,Yang T.H.
414,Sell M.
415,Echagaray B.
416,Saavedra Corvalan C.
417,Prpic A.
418,Fraile G.
419,Wang Y.
420,Rochus O. 
421,Charpentier M.
422,Cabal J.S.
423,Kloer S.
424,Munoz de la Nava D.
425,Laaksonen H.
426,Pescosolido S.
427,Hamou M.
428,Van D. Merwe I.
429,Barrere G.
430,Zhang Ze
431,Viloca J.A.
432,Van der Dium A.
433,Djere L.
434,Giner J.
435,Burniol G.
436,Bohaboy D.
437,Hank T.
438,Choinski J.
439,Cowan B.
440,Harrison C.
441,Miedler L.
442,Mecir M.
443,Alvarez E.
444,Takeuchi K.
445,Nam H.W.
446,Sarstrand M.
447,Ali Mutawa J.M.
448,Yoo D.
449,Simmonds P.
450,Duclos P.L.
451,Kauffmann C.
452,Luczak A.
453,Varlet J.
454,Boruszewski J.
455,Cox D.
456,Rios F.
457,Caldwell D.
458,Gomez L.
459,Hantschek M.
460,Soderlund C.
461,Smit J.
462,Sitak A.
463,Djokovic N. 
464,Kubler J.
465,Norby R.
466,Ramirez Hidalgo R.
467,Garcia-Sintes J.
468,Santillan A.
469,De Chaunac S.
470,Kutac R.
471,Gross O.
472,Stoppini A.
473,Gonzalez F. 
474,Courier J.
475,Troicki V. 
476,Shimada T.
477,Hernych J. 
478,Kudryavtsev A.
479,Tenconi T.
480,Anderson O.
481,Baccanello P.
482,Martin A. 
483,Van der Merwe I.
484,Sekulov J.
485,Kohlschreiber P..
486,Tebbutt M.
487,Hanescu V. 
488,Karlovic I. 
489,Fukarek O.
490,Ishii Y.
491,Flanagan I.
492,O'Neal J.
493,Ignatik U.
494,Hernandez A.
495,Saoudi S.
496,Carretero R.
497,Mirnegg M.
498,Molteni A.
499,Verdasco M.
500,Bogomolov Jr.A.
501,Berasategui A.
502,Sousa T.
503,Peric T.
504,Chadaj A.
505,Jun W.S.
506,Fleming C.
507,Nielsen M.
508,Krawietz K.
509,Gaio F.
510,Jeong S.Y.
511,Dasnieres de Veigy J.
512,Mackin A.
513,Brugues-Davi A.
514,Galovic V.
515,Gutierrez-Ferrol S.
516,Altamirano C.
517,Lukaev R.
518,Summerer T.
519,Statham R.
520,Vajda I.
521,Mor L.
522,Hanley P.
523,Jouan R.
524,Escobedo E.
525,Bower J.
526,Nedovyesov O.
527,Berta D.
528,Moraru G.
529,Van Der Merwe I.
530,Perry T.
531,Bogaerts R.
532,Serdarusic N.
533,Serra F. 
534,Langer N.
535,Willman D.
536,Nadal-Parera R.
537,Teixeira M.
538,Matsui T.
539,Schoorel T.
540,Romboli F.
541,Pospisil J.
542,Cacic N.
543,Granollers Pujol G.
544,Salamanca C.
545,Thompson C.
546,Larose S.
547,Baluda V.
548,Moyano D.
549,Walter L.
550,Aldi F.
551,Dewulf F.
552,Blake T.
553,Mertinak M.
554,Reix C.
555,Kravchuk K.
556,Sekulic M.
557,Mcclune M.
558,Onoda M.
559,Bellier A.
560,Ebelthite C.
561,Bogomolov Jr. A.
562,Karatsev A.
563,Al Mutawa J.
564,Arnold L.
565,Mathieu P.
566,Wang C.
567,Fidirko N.
568,Ljubicic I. 
569,Sonego L.
570,Oudsema S.
571,van der Meer N.
572,Syed F.
573,Lammer M.
574,Vasilevski A.
575,Urban F.
576,Marrero D.
577,Caruso S.
578,King E.
579,Marques N.
580,Scherrer J.
581,Healey N.
582,Greul S. 
583,Djokovic M.
584,Liukko V.
585,Joyce M.
586,Donati M.
587,Viola M.
588,Marin J.A
589,Sergeyev I.
590,Wilson B.
591,Peschek D.
592,Clezar G.
593,Willems R.
594,Balazs A.
595,Froberg J.
596,Olguin L.
597,Vlasov D.
598,Spottl M.
599,Krueger M.
600,Singh N.
601,Granollers-Pujol M.
602,Durek R.
603,Fahlke A.
604,Velotti A.
605,Lokoli L.
606,Faurel J.C.
607,Recouderc L.
608,Goransson T.
609,Granollers-Pujol G.
610,Li Z.
611,Stebe C-M.
612,Bester P.
613,Luxa P.
614,Sandbichler A.
615,Van Lottum J.
616,Jones A.
617,Jones G.D.
618,Anderson A.
619,Deen Heshaam A.
620,Zayed M. S.
621,Meffert D.
622,Robredo R.
623,Ayala D.
624,Chela J.
625,Beck A. 
626,Shapovalov D.
627,Safwat M.
628,Matkowski M.
629,Baker J.
630,Ferrero J.
631,Clemens T.
632,Wang Y. Jr
633,Matos-Gil I.
634,Lopez-Perez E.
635,Shvec A.
636,Levine I.
637,Fabbiano T.
638,Youzhny M. 
639,Jeanpierre J.
640,Albert M.
641,Kornienko I.
642,Trevisan M.
643,Paul T.
644,Al-Alawi S.K.
645,Niland C.
646,Miketa D.
647,Gregorc L.
648,Kucera V.
649,Kilderry P.
650,Vaisse M.
651,Topic J.
652,Bautista R. 
653,Kutrovsky D.
654,Ortega-Olmedo R.
655,Hippensteel K.
656,Krstin P.
657,Cadart R.
658,Giron M.
659,Matias N.
660,Smeets R.
661,Sadecky A.
662,Ferrer D. 
663,Kumantsov A.
664,Eriksson M.
665,Murray A. 
666,Reneberg R.
667,Goodall J.
668,Agaev E.
669,Stafford G.
670,Seppi A. 
671,Gimeno D.
672,Tobon M.
673,Shane R.
674,Benneteau J. 
675,Lama G.
676,Popp T.
677,Steckley R.
678,Kosakowski D.
679,Al Khulaifi N.G.
680,Decoud S.
681,Khalfan S.
682,Mertl J.
683,Whitehouse W.
684,Gerasimov E.
685,Hemmes F.
686,Breen M.
687,Craca M.
688,Gallardo M.
689,Iwami T.
690,Braasch K.
691,Caratti C.
692,Cuadrado C.
693,Alund M.
694,Di Pasquale A.
695,Fasching A.
696,Kralert P.
697,Yani M.
698,Rastogi K.
699,Slanar M.
700,Behrmann M.
701,Kutsenko V.
702,Rodriguez M.
703,Trimmel C.
704,Belic L.
705,Furlan R.
706,Cachin P.
707,Gamonal H.
708,Auckland J.
709,Westerhof B.
710,Knowles M.
711,Larkham T.
712,Kontinen H.
713,Reyes-Varela M.A.
714,Berdych T. 
715,Radic M.
716,Gigounon G.
717,Awadhy O.
718,Van Rijthoven T.
719,Fleischfresser T.
720,Sousa P.
721,Gard C.
722,Di Mauro A.
723,Henry R.
724,Arquez P.
725,Simonsson F.
726,Guardiola T.
727,Kovalik J.
728,Novikov D.
729,Humphries S.
730,Mayer L. 
731,Abel M.
732,Witt A.
733,Almagro N. 
734,Artunedo Martinavarro A.
735,Tiilikainen K.
736,Vico U.
737,Luczak P. 
738,Sanchez de Luna J.A.
739,Chaen T.
740,Jones G.
741,Nielsen F.
742,Agostinelli B.
743,Puetz T.
744,Spracklin T.
745,Gaudi I.
746,Wessels L.
747,Kern R.
748,Si Y.M.
749,Klein B.
750,Lu H.
751,Samper-Montana J.
752,Friedl L.
753,Tsonga J.W. 
754,Haider-Mauer A.
755,Dupre T.
756,Muster T.
757,Giustino L.
758,Herbert P-H.
759,Balleret B.
760,Melzer G.
761,Gallardo Valles M.
762,Menendez-Maceiras A.
763,Ilkel C.
764,Patino L.
765,Bourgeois L.
766,Woodforde M.
767,Schuttler P.
768,Malcor O.
769,Petzschner P. 
770,Roshardt R.
771,Martelli M.
772,Farah R.
773,Ghem A.
774,Nunez E.
775,Saville L.
776,Jun W.
777,Nijaki R.
778,Kunitsyn I. 
779,Moldovan I.
780,Cecchinato M.
781,Alonso J.
782,Hui J.
783,Rea S.
784,Gruber K.
785,Vanni L.
786,Ouyang B.
787,Youzhny A.
788,Fornell M.
789,Falla A. 
790,Mertens Y.
791,King P.
792,Boeker M.
793,Chen T.
794,Fratangelo B.
795,Shyla Y.
796,De Greef A.
797,Cuevas P. 
798,Halys Q.
799,Mcgee J.
800,Kozlov S.
801,Karbacher B.
802,Vardhan V.
803,Borvanov R.
804,Luque D.
805,Valent R.
806,Harboe P.
807,Lemke J.
808,Tveit E.
809,Nader M.
810,Wang Y.Jr.
811,Ianni S.
812,Martin F.
813,Dolgopolov A.
814,Adaktusson J.
815,Tarallo S.
816,Lazov A.
817,Grigelis L.
818,Ball C.
819,Lestienne C.
820,Zitko R.
821, Hajek J.
822,Vega Hernandez D.
823,Kunitcin I.
824,Zayed M.S.
825,Travaglia S.
826,Jarry N.
827,Dutra Da Silva R.
828,Settergren J.
829,Ramirez C.
830,Montanes A. 
831,Ahouda A.
832,Venus M.
833,Levinsky J.
834,Rieschick S.
835,Londero J.I.
836,Fitz S.
837,Bahrouzyan O.
838,Zimonjic N.
839,Scherrer J.C.
840,Stepanek M.
841,Ivashka I.
842,Tiafoe F.
843,Manta L.
844,Stadler S.
845,Kim K
846,Cakl T.
847,Robredo T. 
848,Gasquet R. 
849,Fish A.
850,Kennedy A.
851,Rodrigues M.
852,Ciorcila P.
853,Pavic A.
854,Gong M.X.
855,Tkalec M.
856,Hadad M.
857,Phillips T.
858,Veger F.
859,Del Potro J.
860,Parada F.
861,Quintero M.
862,Navarra M.
863,Renavand N.
864,King K.
865,Moser F.
866,Gomez A.
867,Struvay E.
868,Herm-Zahlava J.
869,Wu D.
870,Mazarakis V.
871,Sarkissian A.
872,Ymer M.
873,Torebko P.
874,Lopez-Jaen M.A.
875,Rascon T.
876,Qureshi A.
877,Zeballos H. 
878,Belyaev I.
879,Nieminen J. 
880,Monfils G. 
881,Setkic A.
882,Kohlschreiber P. 
883,Struff J-L.
884,Benneteau A.
885,Kumar S.
886,Davydenko P.
887,Kulti N.
888,Bachelot J.F
889,Satral J.
890,Dev Varman S.
891,Hood M.
892,Podlipnik H.
893,Smith L.
894,Chiudinelli M. 
895,Azzaro L.
896,Poerschke L.
897,Al-Ghareeb M.
898,Andreev I. 
899,Elgin M.
900,Andersson H.
901,Korolev E. 
902,Fucsovics M.
903,Gensse A.
904,Kimmich M.
905,Peliwo F.
906,Smethurst D.
907,Rochus C. 
908,Uchiyama Y.
909,Escobar G.
910,Ziadi M.
911,Moeller M.
912,Koenig R.
913,Schranz W.
914,King-Turner D.
915,Nedelko I.
916,Klec I.
917,Veronelli D.
918,Maamoun K.
